"10","Nisi qui suscipit est quis similique fugit cumque quo.","Officia et corporis assumenda voluptates quia nihil. Ut consequatur sed aut aut quidem. Repellendus aut tempore quam enim sed. Autem distinctio ex ab assumenda labore eum quia.","2017-06-20 08:45:46","2011-09-14 01:48:16"
"11","In minus vel sit exercitationem dolorem porro.","Est laudantium consectetur voluptatem dignissimos corporis explicabo. Consequatur ut et omnis quae.","2007-12-09 20:09:39","1983-11-09 19:59:49"
"12","Reiciendis minima odit ut architecto.","Qui delectus asperiores voluptatibus qui. Officia facere fugiat deleniti maiores. Officia distinctio enim vel qui.","1983-01-20 08:34:30","2008-01-23 02:34:47"
"13","Sint officiis numquam consectetur eveniet qui.","Quod rerum quos qui odit. Accusamus eius modi sed repellat quis. Quo quia aliquam et quod recusandae. Delectus eum fugit minima minus nobis beatae. Commodi dolorum officia labore ut non quo.","2019-10-16 06:45:13","2018-09-11 13:38:00"
"14","Doloribus voluptas nulla ipsam consequuntur.","Dignissimos debitis dolorem nesciunt mollitia accusamus aspernatur et. Aut sequi soluta ad corporis. Ducimus inventore tenetur culpa dolore. Eius eveniet velit et nobis quas fugiat.","2019-07-23 15:58:14","2015-05-07 10:59:24"
"15","Blanditiis aperiam velit suscipit ut laborum eius ipsum.","Assumenda nesciunt nesciunt quisquam rerum. Fuga doloremque ea mollitia nulla et quibusdam. Odio fugit quis et et amet possimus ipsam.","1984-08-06 09:18:46","1993-05-09 18:56:15"
"16","Suscipit laborum eum est eligendi tempore.","Ex quis molestias quos eos. Deleniti dolore asperiores maxime placeat aperiam. Porro delectus et dolor dolore.","1990-01-19 17:15:47","1989-11-10 05:20:03"
"17","At quia totam sapiente aut.","Eligendi voluptatum inventore non esse. Et vitae velit cupiditate fuga omnis. Est aut ullam voluptas veritatis aliquam et sunt. Odio autem cumque cum.","2001-12-23 21:46:02","2011-01-05 00:00:43"
"18","Odit nihil dignissimos voluptatum adipisci voluptas laudantium.","Et deleniti itaque saepe aperiam dolorem saepe. Tempore est ut consectetur voluptates exercitationem. Placeat non laudantium dolore impedit numquam.","2018-05-21 18:20:36","1982-11-22 05:09:27"
"19","Quisquam dolorum qui numquam sint esse.","Sequi temporibus cum impedit illo ipsa a accusamus. Quasi voluptatum est placeat aperiam atque dolorum. Est et et porro repellat reiciendis placeat perspiciatis. Autem qui optio excepturi ut ex dolor quis.","1990-12-20 17:16:36","1987-01-31 19:50:26"
"20","Dolorem est quidem sequi dicta molestiae est.","Totam dicta quia et iure. Nobis odit cum qui hic est qui officiis fugit. Est consequatur nisi sit eveniet. Quis adipisci blanditiis et harum.","2014-01-24 04:52:10","1985-08-03 17:06:46"
"21","Quas cum magnam mollitia eum delectus.","Labore unde aut autem rem odio. Vero dolorem quidem quis quis. Nostrum facilis in sint atque ratione labore cupiditate.","1975-08-22 02:36:06","2005-02-03 11:52:32"
"22","Vel voluptatum est sunt aut.","Aut ut minus necessitatibus ratione esse. Repudiandae quas sapiente quam maxime aliquam ullam. Architecto laudantium cupiditate adipisci debitis.","1988-06-03 16:19:56","2001-12-08 10:28:47"
"23","Sit rem porro quidem nostrum.","Deserunt et natus aperiam non. Quam et itaque rerum quam et at veniam. Dolores quasi ipsam nobis eaque. Sit sapiente maiores sed.","1982-10-01 15:07:01","2009-11-10 00:48:21"
"24","Amet quis distinctio et facilis explicabo numquam earum.","Modi aspernatur dolor dolores vel qui. Ut eligendi praesentium deleniti ut aut inventore soluta. Qui dignissimos quis aut harum est.","2019-12-17 02:28:56","1975-11-01 00:58:56"
"25","Et cumque similique dolorem sapiente.","Maxime dolorem optio incidunt quia cumque. Dolorum in aut sequi eos odit enim ut. Id velit sint eveniet asperiores quod.","1981-08-14 01:02:26","1980-08-06 12:12:03"
"26","Nisi tempore suscipit ut non ea.","Accusamus ducimus deserunt molestias. Suscipit vitae sed aut explicabo. Necessitatibus sint sapiente nihil numquam illum voluptate aut ut.","1980-05-23 08:45:13","1976-02-12 21:23:20"
"27","Sit vero est aspernatur sed.","Libero et nisi dolore aperiam. Pariatur quasi est facilis omnis. Laborum nam omnis qui delectus totam et. Quos eveniet at beatae esse quasi culpa non.","2007-08-27 16:49:12","2011-02-06 15:02:39"
"28","Rem earum ipsum libero consequatur.","Optio aut quibusdam qui quis repudiandae optio. Odit odio tempora hic. Eum eveniet et sit nesciunt rem voluptas. Fuga ut omnis est alias qui.","2001-07-13 04:30:12","2014-11-20 13:27:16"
"29","Est nemo corrupti enim et asperiores quia tenetur.","Et sit voluptatum adipisci dolore iusto dolorem et sit. Eius magni reprehenderit ullam quae perspiciatis. Eum dignissimos laboriosam velit ut aspernatur. Eligendi quas voluptatibus aut dolor.","1988-01-15 20:44:28","1994-11-09 05:59:43"
"30","Blanditiis voluptatem consequatur voluptatum.","Mollitia ut harum ad. Qui corporis voluptatem non. Nemo eveniet sit et odit dolorum est nulla.","1993-09-02 08:07:06","2019-11-23 05:55:50"
"31","Expedita tempora soluta doloremque esse dolorum tempora.","Tenetur soluta accusamus nulla quia autem deserunt aspernatur. Ad id consectetur suscipit quos eveniet error repellendus nisi. Quas dolore omnis sit. Est ratione corporis aut est eaque.","2017-08-02 06:12:30","2019-10-19 20:10:51"
"32","Magnam a est assumenda quia voluptate reiciendis ut.","Esse doloremque voluptatibus eum corporis. Eum asperiores dolor nihil sit. Et suscipit fugit natus magni eum eum corrupti in.","1989-03-17 23:44:54","2004-11-09 20:39:54"
"33","Nesciunt atque et corporis laborum sapiente.","Non aut odio quas aut aliquid nemo labore. Quos atque accusamus vitae placeat id ut earum. Qui quo ut necessitatibus facere voluptatem. Vero quam est repellat eos suscipit.","1998-02-22 13:37:04","2006-07-23 15:26:50"
"34","Et sapiente quidem molestias dolor eligendi.","Deleniti in facere minus itaque. Autem qui molestias vel enim corporis mollitia eum. Veniam rerum autem eos maxime aut ut nulla. Porro explicabo dicta molestiae nobis maiores omnis voluptatibus. Quidem labore repellendus sed exercitationem ratione similiq","2005-11-21 04:24:01","1994-07-04 14:45:19"
"35","Earum quia quia ut perspiciatis.","Tempora dolores nobis perferendis maiores. Officiis illum quo recusandae eum quia rerum quasi. Illo facilis nostrum adipisci qui. Rerum voluptatum et et voluptate eos neque ut et.","1998-09-27 12:23:40","2012-03-14 00:58:10"
"36","Odio amet corporis sint aut.","Doloremque officia rerum dignissimos ea est dolore repudiandae voluptas. Qui vel ea facilis ut. Vero magnam et adipisci nulla.","2003-11-04 02:49:14","1977-12-18 10:38:52"
"37","Dolores nisi pariatur quia error tempora dolore.","Similique at accusamus ea sapiente doloribus ipsa nulla. Consequatur sapiente sed rem sit debitis accusantium nesciunt. Pariatur magni ut quidem voluptas minima velit laudantium. Praesentium in velit aut iste est.","1977-05-18 02:32:35","1973-11-18 03:40:59"
"38","Dolorum aut ut quibusdam.","Sunt rerum explicabo ducimus error dolorem rerum est. Iste nostrum consectetur sit saepe quisquam aut.","1978-08-24 09:50:26","1980-05-24 17:20:32"
"39","Non beatae debitis porro voluptate id.","Soluta aut optio quia numquam. Consequatur ut dolore ut non ullam. Eum quas cupiditate magnam quibusdam. Minima et eveniet inventore omnis.","1999-10-21 23:17:09","2011-02-15 08:10:26"
"40","Incidunt nulla quia iure illo voluptatum molestiae quod.","Ut enim odit ut consequatur eius. Architecto repellat eveniet nobis ducimus in. Ab enim dolore eos voluptatem animi quisquam voluptas. Suscipit voluptatem velit et. Nihil et qui dolor ratione at.","1975-12-27 06:45:43","2004-02-10 00:44:14"
"41","Deleniti qui maxime voluptate porro.","Eum rem labore enim ullam. Doloribus rem tenetur tempore aliquam quam. Omnis fugiat est voluptatum eveniet. Sint autem et animi ut illum.","1995-08-30 16:40:20","1978-04-19 06:09:58"
"42","Officia est expedita odio aut cumque repudiandae iste ullam.","Aut eum labore veniam qui adipisci eligendi molestiae dignissimos. Aperiam illo ut necessitatibus eos. Ipsa assumenda nam earum natus repellat. Qui libero inventore deserunt est dolor et nobis.","1976-03-20 12:10:03","1971-10-09 11:23:09"
"43","Inventore delectus consequatur voluptates quibusdam voluptate ex maiores.","Eos eos placeat aut et. Neque aspernatur repellendus odit a vel. Sit a ipsa ullam asperiores nesciunt quia consequuntur dolorem.","2000-06-14 12:58:10","1982-06-09 22:21:39"
"44","Voluptatem maiores dolorem ut sunt.","Ipsum porro occaecati ratione aliquam nesciunt id. Repudiandae rerum sequi nemo nulla repudiandae. Quos voluptatum earum libero accusantium laboriosam doloremque. Maiores illo aut vitae ut nobis aut.","1988-04-14 23:29:10","2000-04-16 00:52:46"
"45","Quia ullam ut quae ab ut est aut ad.","At perspiciatis id saepe voluptas qui quia. In placeat maiores eos est magnam. Sint molestiae minima debitis odit officia. Porro cum cum ea est.","1975-07-25 23:34:39","1980-12-14 02:35:05"
"46","Eos inventore necessitatibus doloremque vel eum velit recusandae.","Id adipisci rerum repellat ea id non officia omnis. Fugiat dolorum voluptas similique incidunt quia et. Voluptatem velit incidunt corrupti. Est et incidunt error vel et assumenda et.","2012-08-22 21:08:20","1997-01-28 04:38:21"
"47","Et mollitia sapiente odio non.","Ex iure dolores odio quia qui. Nihil neque ut pariatur aut fugiat consectetur. Maxime placeat beatae perferendis illo magni earum voluptatem. Molestias ullam sed placeat ipsam aut et pariatur.","1974-06-18 17:40:48","2009-07-06 11:48:48"
"48","Vel et qui minima commodi praesentium.","Laudantium aliquid placeat in quis laborum ea porro. Reiciendis sunt est voluptas blanditiis accusantium quaerat. Et tempore alias laudantium ad officia ea.","2010-12-08 14:00:47","1979-01-12 12:09:22"
"49","Nihil dolores ipsum ut est ex blanditiis molestias.","Et porro beatae sit aspernatur omnis ex. Voluptas ea atque cumque nihil soluta sed. Sed incidunt numquam illum vero minus sunt. Omnis in rerum consequatur voluptatem quaerat voluptatem aliquam.","1992-12-26 18:28:20","1991-03-21 19:02:54"
"50","Ut adipisci voluptatem nihil vitae dolor.","Molestiae consectetur eius voluptatem dolorem adipisci molestias deserunt magnam. Sint magnam totam repudiandae. Sed perferendis quaerat nihil dolores. Id eius eos aut assumenda non.","2013-08-09 00:39:21","2008-04-06 22:55:28"
"51","Unde saepe repellat et.","Ad delectus deserunt occaecati. Neque non impedit velit dolor quas sed quos. Quaerat iste et aut sed.","1983-11-08 23:42:54","1982-11-25 12:29:16"
"52","Earum sit voluptas quo quia facilis ut.","Aut et et laudantium debitis. Magni magni quo harum numquam voluptas. Dolores consequatur repudiandae et est sunt quaerat.","1983-03-23 03:56:53","2007-10-10 23:39:59"
"53","Asperiores nisi et asperiores aut molestias.","Eos pariatur a tempora veritatis cumque id porro et. Laboriosam eligendi temporibus nemo accusamus. Et est sit libero est aut non nihil.","2002-11-09 18:26:58","1975-09-14 23:24:26"
"54","Animi voluptatem error porro iusto.","Sunt voluptatem et dicta similique. Expedita et nihil nisi autem placeat laborum. Et et est hic voluptas.","1997-06-06 02:19:53","1995-06-15 15:57:06"
"55","Quidem velit cupiditate dolorum excepturi debitis occaecati.","In necessitatibus maxime aut ea. Mollitia aut ad est non sequi. Nostrum laudantium enim dolorum sed rerum consequuntur libero. Sit excepturi eum quibusdam earum voluptas voluptas quaerat natus.","2005-11-06 21:04:02","1996-06-11 22:30:01"
"56","Quo voluptatibus voluptatem minus ut quia hic est earum.","Voluptatum voluptatem itaque aut eveniet et facilis consectetur. Nulla officia sint in explicabo voluptatibus. Dignissimos vel voluptas et adipisci esse quasi dolorum. Est maiores aut architecto porro culpa iusto. Sunt voluptatem earum enim qui eum.","1974-08-01 21:32:06","1984-06-25 09:19:44"
"57","Tempore non quo consequatur delectus molestiae maiores rem.","Odio maiores vel ut alias in minima ut. Unde maiores consectetur ipsum quam dolorem enim repellendus. Nam odio aut iusto sit a voluptas fugit. Sunt facilis reprehenderit est totam occaecati sint nemo.","2004-09-10 17:14:13","2001-12-17 08:33:59"
"58","Dolor neque in ut totam officia.","Sunt et provident perferendis dolorem dolorem praesentium. Corporis debitis quos minima aliquid. Magni facere ut corrupti quia necessitatibus.","1983-08-30 20:48:24","2019-09-21 08:10:41"
"59","Aliquam sed quibusdam totam inventore.","Consequatur sit inventore nisi. In sunt reprehenderit praesentium dolores. Cumque nihil tenetur necessitatibus repellendus dolor. Maiores nisi perferendis veritatis nisi ducimus. Deleniti qui laudantium odit quibusdam.","1971-04-08 19:05:11","1992-02-07 04:54:03"
"60","Ut consequatur dolore amet adipisci amet.","Aperiam laudantium ea corrupti unde ex nam. Facilis incidunt sunt perspiciatis culpa consectetur impedit voluptatem. Aut qui et repudiandae qui.","1979-03-21 23:03:42","2003-06-04 06:28:52"
"61","Temporibus ut asperiores beatae rerum qui nihil.","Ratione omnis quia sint quo itaque ad facere. Vel eos adipisci et reiciendis est a cumque. Quis fugiat corporis molestiae delectus vitae vel. Qui sit rerum accusantium et doloribus fugit suscipit.","1985-09-21 00:42:30","1977-11-29 00:02:42"
"62","Ipsum consequatur quis voluptate et odio.","Quod dolor quam vel eos. Porro nulla expedita amet iusto voluptatem. Voluptatibus autem sed modi. Ut eos culpa molestiae voluptas molestiae. Blanditiis ut qui voluptatibus dolore voluptatibus illo libero temporibus.","1983-11-15 10:13:46","1982-11-09 23:43:25"
"63","Sit commodi quidem culpa assumenda voluptatem animi veniam qui.","Reiciendis quod laudantium iure autem accusamus totam. Ducimus nisi consequatur porro voluptas. Laudantium et perspiciatis architecto sunt aperiam. Nobis nisi maiores consequatur et ut sit.","2008-01-03 08:39:40","2014-09-19 04:40:24"
"64","Distinctio accusamus aut et voluptas numquam corporis.","Eos alias debitis odio tempora exercitationem et. Eum quasi id voluptatibus.","1995-02-01 11:44:19","1981-08-12 04:26:45"
"65","Dolor sed repellat voluptatum numquam possimus.","Perspiciatis nihil fugiat est officiis rerum perspiciatis facilis. Velit ad dolorem voluptate consequatur nam laborum quaerat. Est accusamus unde qui nulla quia.","2005-01-15 16:12:03","2005-03-18 05:07:44"
"66","Accusantium ut est voluptas tempore dolorum repellendus commodi.","Aliquam veritatis inventore maiores qui. Ad hic quidem labore aut amet et mollitia omnis. Tenetur eum delectus libero blanditiis. Accusantium magni explicabo exercitationem.","1994-12-04 12:03:42","2000-05-10 08:44:56"
"67","Doloribus aut nulla eveniet quas.","Deleniti esse facere voluptas. Sapiente rerum quas eveniet aperiam id id voluptas cupiditate. Aliquid voluptatem assumenda rerum cumque. Nemo repellendus quia tenetur et sunt.","2001-02-19 21:52:49","1976-09-10 06:19:51"
"68","Consequatur ex aperiam a asperiores quia maxime cumque.","Nesciunt eos qui animi magnam enim et architecto. Praesentium veniam consequatur eveniet architecto ipsa. Quo ut quis inventore voluptatem fugiat aspernatur voluptatem omnis.","1974-05-16 14:47:20","1995-03-18 07:31:05"
"69","Pariatur sit dolorem consectetur similique commodi rerum quia.","Necessitatibus deserunt magnam nesciunt voluptatem ad ea. Aspernatur tenetur sed eos molestiae eius perspiciatis iste. Qui quidem accusamus cupiditate voluptatem maiores sunt quo.","1970-02-23 07:01:29","1971-03-12 22:23:02"
"70","Sunt eum aliquam qui a.","Rerum quaerat ut non cum. Cupiditate voluptatum corrupti id rerum quidem. Molestiae rerum voluptas expedita quia occaecati facilis qui deserunt. Distinctio enim quidem sed velit qui velit magnam.","2000-11-09 05:03:23","1973-10-23 08:17:28"
"71","Debitis non corporis nihil quis labore aut accusamus soluta.","Exercitationem qui illo eligendi officiis. Deleniti quis quia totam ut corrupti. Omnis enim veniam voluptatem id maxime. In consequatur labore velit temporibus ipsum. Rem eum exercitationem quia aut.","1997-02-05 22:57:17","1979-09-19 19:36:46"
"72","Eveniet id omnis et aliquam et voluptas.","Temporibus voluptatem ipsa totam assumenda voluptatem iusto iste. Corrupti aut voluptatem id. Quo autem exercitationem illo et ducimus doloribus adipisci. Perferendis provident rerum cumque.","2007-02-07 12:35:40","2006-07-03 06:49:02"
"73","Omnis qui eligendi asperiores vel maiores delectus.","Voluptas est libero nihil sapiente at vel quis. Quia eaque id iure sunt facilis iste dolorem. Cupiditate sed beatae corporis voluptatem consequatur.","1991-02-14 18:17:47","2011-03-16 21:56:57"
"74","Quos perspiciatis dolores officiis et quia.","Sed velit beatae tempore ab iure enim. Adipisci occaecati libero ut non alias id amet. Ut quaerat iusto voluptatem omnis in. Enim quidem cum impedit quas repellendus molestias voluptate.","2006-07-26 09:14:53","2013-05-30 20:32:27"
"75","Ea necessitatibus libero quia aut voluptas ut ducimus et.","Ut aliquid laboriosam ut perspiciatis. Rerum quae voluptatem dignissimos commodi mollitia assumenda. Quia dolor quaerat illum aut reprehenderit eveniet.","2000-04-27 14:36:35","1997-10-14 09:48:47"
"76","Labore molestiae velit culpa laboriosam.","Perspiciatis alias a consectetur. Ea quos occaecati est fugit. Maiores voluptates praesentium cupiditate sed voluptatibus. Unde iure deleniti error veniam sit nihil nihil.","1976-05-09 04:29:27","1989-10-28 10:00:11"
"77","Quibusdam voluptas voluptates nihil qui.","Aspernatur autem a facilis nemo ut deleniti. Cum eveniet ea est quia itaque. Ea sit quam aut est culpa et. Recusandae accusantium optio animi ipsum eum est ut. Eaque saepe itaque dolorem laborum in.","1978-10-02 02:48:41","2012-04-13 17:18:40"
"78","Iste id sint non corrupti eligendi et quasi fugit.","Aut eveniet totam quas repudiandae. Sed illo ipsam et et et. Assumenda sint assumenda soluta est aliquid ut minima. Culpa veniam omnis commodi sapiente est.","2017-03-27 17:57:37","2006-11-25 07:08:31"
"79","Culpa incidunt sequi sit odio.","Sunt omnis sint ducimus cupiditate necessitatibus consequatur veritatis. Laboriosam deleniti optio fugit dolorum sed enim dolore. Minima reiciendis vitae officiis a et nesciunt eveniet aperiam.","1971-09-15 17:00:21","1996-12-09 02:01:20"
"80","Maiores est laborum rem exercitationem delectus voluptatum minus.","Est aspernatur odit voluptatem explicabo autem. Ea magnam repellat quia sequi. Blanditiis ea rerum repudiandae dicta rerum aspernatur molestias quo. Voluptas consequatur sapiente est itaque autem placeat cupiditate.","2005-05-14 18:58:16","1975-12-31 17:20:25"
"81","Qui repellendus quam aut qui facere.","Doloribus autem aut sunt quasi quia rerum officia. Quasi qui et quo dolor voluptas. Ad qui sed laboriosam aut vel qui. Voluptate rem molestias consequatur aut inventore distinctio.","1972-05-27 16:33:26","2013-09-24 20:45:00"
"82","Est non magnam eveniet ipsum deleniti quia.","Odit sequi tempora exercitationem ipsam qui aut. Nemo aut iure facilis culpa ex qui in. Cupiditate velit qui libero animi. Similique et rerum aut temporibus ut quis nam. Id nemo sequi numquam voluptates dicta natus molestiae.","2019-01-09 08:41:35","1970-02-21 07:54:33"
"83","Laboriosam ab cupiditate aut pariatur ullam est.","Quibusdam est consequatur debitis aut et quos consequuntur. Reprehenderit suscipit libero est occaecati sed doloremque.","1992-08-22 16:58:28","2009-03-24 20:39:03"
"84","Nobis aspernatur omnis consequuntur ratione.","Repellat id in atque provident adipisci asperiores blanditiis. Neque eligendi impedit voluptatem consequatur. Sed quod quisquam omnis perferendis. Rem repudiandae totam cumque et esse.","2019-09-15 20:15:15","1987-05-20 02:43:17"
"85","Illo qui labore tempora aspernatur nemo.","Ratione vel et corporis aut quisquam sit. Vel unde aliquam qui velit necessitatibus culpa reprehenderit. Voluptatem fuga labore sed vel id a quibusdam dolorem. Adipisci aut consequatur consequatur non sed magni porro. Illum dolorem fuga libero.","1976-06-12 06:03:30","1973-06-04 09:34:21"
"86","Excepturi est dolor consequatur.","Iste in tenetur voluptas. Facere nemo doloribus eum occaecati sed nihil libero. Delectus placeat veritatis hic ea sit aperiam sint tempora. Quos consequuntur quaerat recusandae est provident voluptates doloribus.","1992-07-12 07:25:25","2005-08-30 05:04:07"
"87","Commodi corrupti qui impedit accusamus molestiae nihil qui.","Repellendus occaecati dolor velit. Officiis dolores aut quia. Vel voluptas asperiores perferendis voluptatem et quas. Consequuntur saepe sequi soluta incidunt error repellendus laudantium.","2016-01-18 04:15:52","1979-01-25 15:29:45"
"88","Vitae nihil qui consequuntur ad quod dicta hic.","Facere sint perspiciatis neque facere. Dolorem eos molestias explicabo porro. Vel eum sed et illum soluta doloribus labore.","2012-03-02 03:42:31","2015-09-25 21:41:03"
"89","Aut omnis nobis provident temporibus doloremque.","Veniam eveniet doloremque ea error ad nihil. Iste qui sequi aut voluptate quia aliquam molestiae voluptate. Vel consequuntur ab mollitia quis id quam ullam earum.","2005-09-18 07:21:27","1977-10-18 04:47:25"
"90","Iusto sint corrupti maiores in.","Aliquam laborum laborum distinctio temporibus quo beatae. Qui tempore enim non aliquid asperiores aut hic. Reiciendis est nobis maiores rerum voluptas maiores qui dolorum.","1985-10-10 00:20:14","2012-08-14 12:13:09"
"91","Sint beatae dolores quo hic.","Ullam eos animi quod vero porro beatae maiores. Modi modi sed et voluptatum. Dolor aut qui itaque est qui eveniet fugiat omnis. Sapiente illo rerum cumque nihil itaque necessitatibus aspernatur.","2018-07-28 03:50:21","2015-12-19 17:46:08"
"92","Repellendus numquam consequatur odit.","Ea aut pariatur ratione suscipit vel repellat. Deleniti et quas nisi sapiente est possimus similique repellat. Nisi qui iusto sint sed velit adipisci. Ullam ducimus quas officiis exercitationem veniam.","2017-01-26 10:59:38","2019-02-17 01:38:30"
"93","Sapiente aut omnis fugiat ex voluptatem.","Excepturi consequatur est non magnam cumque autem. Vitae ea mollitia nulla dolor possimus distinctio voluptatibus atque. Rerum excepturi voluptatibus praesentium nobis nemo aliquid repellendus omnis.","1981-01-13 10:19:02","2018-02-12 08:48:27"
"94","Totam nobis distinctio est sint iste aut.","Sed accusamus non dolores ut omnis et. Dolores maiores rem sit praesentium eos quae.","2011-09-09 03:40:02","1975-07-03 22:48:54"
"95","Nihil voluptatem et et maxime accusamus officiis.","Laudantium qui sit ipsam nulla deserunt quo ab. Ipsa aut aut qui voluptatem esse dolores. Nemo mollitia debitis ut ipsam consequuntur eius fugit.","1975-06-22 18:12:13","1995-04-14 17:23:24"
"96","Commodi debitis in eveniet et.","Delectus possimus optio facilis voluptates. Dignissimos quia sequi ut officia totam. Et sed quas ad reprehenderit voluptates.","2012-03-24 07:01:20","2017-07-31 05:16:56"
"97","Incidunt pariatur amet fuga repellendus qui facere blanditiis.","Ratione voluptas iste provident quia quia quasi. Rerum ratione rem inventore numquam blanditiis. Consequatur velit id nihil voluptas.","2000-08-28 03:52:17","2005-03-19 02:30:55"
"98","Corporis ducimus aut itaque distinctio ut nesciunt.","Doloribus et illum porro ut est suscipit. In et ea saepe pariatur aspernatur culpa. Repellendus rerum optio voluptatem temporibus qui quo voluptatem sit. Maxime nisi magni autem laborum. Id velit qui nihil commodi excepturi et.","2001-09-14 10:44:11","1994-02-03 06:43:00"
"99","Quaerat voluptas ex voluptate vel nihil quia expedita enim.","Ea tenetur est odit magnam enim. Aperiam nihil sit cumque rerum. Tempore sunt architecto nam illum.","2002-10-07 23:17:22","1980-04-18 14:43:42"
"100","Voluptatem nemo voluptatibus alias.","Harum dolore cumque quod ullam. Sit omnis necessitatibus ut culpa. Dolorum rerum praesentium autem aliquid ratione sint aut sit.","1999-06-23 16:06:17","1978-08-06 19:02:47"
"101","Molestias aut tempore ut.","Facilis quisquam deleniti maiores et. Fugit in nemo iste optio sint vel. Nisi ipsam quia dolorum ut quibusdam cupiditate ex sint. Quam totam consequatur accusamus.","2013-11-24 20:04:50","1986-10-04 05:06:53"
"102","Voluptas ullam quia rerum numquam eum doloremque voluptatem.","Minus quia consequatur assumenda et numquam eligendi. Delectus et error cupiditate laudantium cupiditate rem corrupti. Voluptate tenetur voluptatibus cumque placeat vel et ipsam enim.","1980-02-20 01:59:40","1994-07-23 05:15:09"
"103","Odio voluptatem voluptatibus quidem dolor facere ut.","Alias atque maxime eos ut pariatur aut ut adipisci. Quo eius voluptatem incidunt iste non omnis. Asperiores consequatur placeat consequatur et.","1997-01-11 17:55:49","2001-12-13 07:16:10"
"104","Sunt quibusdam dolorem odit.","Et enim consequuntur autem et vel sit sed. Autem soluta porro molestiae hic commodi. Corporis saepe blanditiis laudantium.","2002-08-13 11:01:29","1990-02-03 23:10:46"
"105","Quo numquam corporis minus dolorem qui odio.","Distinctio consequatur aperiam iusto. Magnam voluptatem delectus culpa. Dolor quae commodi nam ea.","1987-01-23 08:52:30","1989-03-26 01:39:08"
"106","Quis quo et odit ipsum.","Maxime laborum voluptatibus architecto dolorem ipsam impedit. Dolorum consequuntur doloribus quis esse. Eius voluptas ut odio vitae.","1999-01-03 04:59:03","2000-09-26 00:16:11"
"107","Cum rerum aliquid voluptatem debitis iure aut.","Ratione voluptatem esse in eius. Asperiores id nihil sit minus vel quis deleniti quaerat. Mollitia corporis vel repellat doloribus in voluptas velit omnis. Hic sit non nesciunt et ipsa rerum velit soluta.","1997-01-13 01:32:47","1997-03-19 02:38:23"
"108","Sit aliquid soluta minima quaerat qui corrupti eum.","Illo possimus optio non accusamus. Quae voluptas molestiae dolor aspernatur sunt voluptatem sint. Labore ut sed quis quia facere sapiente. Non dolores ea ratione explicabo similique culpa.","1995-08-30 03:48:38","1979-10-04 07:02:41"
"109","Id est aut consequatur.","Ad qui veniam occaecati. Explicabo ea maxime fuga dolor consequuntur placeat maxime at. Voluptatum quibusdam mollitia et et blanditiis magni sint.","1995-03-10 10:31:41","1983-04-03 12:48:02"
